Timestamp,Institution Name,Email Address,Team Name,E-mail Address,Team Member 1: Full Name ,Team Member 1: Contact No.,Team Member 1: E-mail Address,Team Member 1: Codeforces Handle,Team Member 1: T-Shirt Size,Team Member 2: Full Name,Team Member 2: Contact No.,Team Member 2: E-mail Address,Team Member 2: Codeforces Handle,Team Member 2: T-Shirt Size,Team Member 3: Full Name,Team Member 3: Contact No.,Team Member 3: E-mail Address,Team Member 3: Codeforces Handle,Team Member 3: T-Shirt Size,Coach's Name ,Coach's Contact No.,Coach's E-mail Address,Coach's T-Shirt Size
2025-02-05 19:19:17.069,BRAC University,ahnaf.shahriar.asif@g.bracu.ac.bd,BRACU_CrackWhisperers,ahnaf.shahriar.asif@g.bracu.ac.bd,Ahnaf Shahriar Asif,01755884404,ahnaf.shahriar.asif@g.bracu.ac.bd,Ahnaf.Shahriar.Asif,XL,A.J.M Istiaque,01605509559,ajm.istiaque@g.bracu.ac.bd,shelby70,XL,Shafin Alam,01569199304,shafin.alam@g.bracu.ac.bd,SHAFIN,XL,Kabbya Kantam Patwary,01779712244,kabbya.kantam@bracu.ac.bd,M
2025-02-05 19:45:17.058,BRAC University,riazul.hoque.bhuban@g.bracu.ac.bd,BRACU_BugPlatoon,info@bracu.ac.bd,Mubasshir Chowdhury,01880361979,md.mubasshir.chowdhury@g.bracu.ac.bd,mub.ch,XL,Riazul Hoque Bhuban,01765811988,riazul.hoque.bhuban@g.bracu.ac.bd,Bhuban,XL,Shehran Rahman,01711544157,shehran.rahman@g.bracu.ac.bd,_shehran_Rahman,XXL,Monirul Haque,01861125970,ext.monirul.haque@bracu.ac.bd,L
2025-02-05 20:12:56.914,BRAC University,arman.ferdous@g.bracu.ac.bd,BRACU_Crows,arman.ferdous@g.bracu.ac.bd,Ruhan Habib,01312381057,ruhan.habib@g.bracu.ac.bd,ruhan.habib39,XL,Md Mazed Hossain Parag,01785811252,md.mazed.hossain@g.bracu.ac.bd,MH_Parag,XXL,Arman Ferdous,01833335573,arman.ferdous@g.bracu.ac.bd,arman_ferdous,L,Md. Imran Bin Azad,01915683707,imran.azad@bracu.ac.bd,XL
2025-02-05 20:24:29.463,BRAC University,gyanpapi.mahin@gmail.com,BRACU_RAVENS,gyanpapi.mahin@gmail.com,Kaushik Das,01932730363,kaushik.das1@g.bracu.ac.bd ,betaboomer,L,Rahmat Ullah Mahin,01789060665,gyanpapi.mahin@gmail.com,Gyanpapi,XL,Diniya Tahrin Bhuiyan,01532414773,diniya.tahrin.bhuiyan@g.bracu.ac.bd,dinyeah,L,Md. Yeasin Ali,01953974409,yeasin.ali@bracu.ac.bd,M
2025-02-04 20:43:02.378,BRAC University,sabikunnaharmonira9@gmail.com,Bracu_torjan,sabikunnaharmonira9@gmail.com,Sabikun  Nahar Monira,01911281011,sabikunnaharmonira9@gmail.com,monira54 ,XL,Tahmidul Haque ,01521585595,talhahaque1@gmail.com,Talchi,XXL,Md. Fakhrul Islam Ratul,01750255188,coder.ratul@gmail.com,_ratul_,L,Kabbya kantam,01844-590454,kabbya.kantam@bracu.ac.bd,XL
