Timestamp,Institution Name,Email Address,Team Name,E-mail Address,Team Member 1: Full Name ,Team Member 1: Contact No.,Team Member 1: E-mail Address,Team Member 1: Codeforces Handle,Team Member 1: T-Shirt Size,Team Member 2: Full Name,Team Member 2: Contact No.,Team Member 2: E-mail Address,Team Member 2: Codeforces Handle,Team Member 2: T-Shirt Size,Team Member 3: Full Name,Team Member 3: Contact No.,Team Member 3: E-mail Address,Team Member 3: Codeforces Handle,Team Member 3: T-Shirt Size,Coach's Name ,Coach's Contact No.,Coach's E-mail Address,Coach's T-Shirt Size
2025-02-04 21:39:36.734,Green University of Bangladesh,akashkhan41111@gmail.com,GreenU_Falcons,akashkhan41111@gmail.com,Md Akash Khan,01834157047,akashkhan41111@gmail.com,Osmon38,M,Suaeb Ahmed,01303605870,suaebahmed12@gamil.com,Unknown_rebound,M,Mohabbat Marjuk Muttaki,01740088577,mohabbat.bd2020@gmail.com,yalniz,M,Md Fahimul Islam,01893639181,fahimul@cse.green.edu.bd,M
2025-02-04 21:59:33.962,Green University of Bangladesh,fahmidanupur99@gmail.com,GreenU_eliminators,fahmidanupur99@gmail.com,Fahmida Akter Nupur,01917386947,fahmidanupur99@gmail.com,soul_of_darkness,L, Md. Asif Samrat,01883283097,asifsamrat00111@gmail.com, karabey17,M,Mezbah Uddin Maruf,1837918801,mezbah.sc@gmail.com,mumm00z,M,Wahia Tasnim,01322445644,wahia@cse.green.edu.bd,M
2025-02-05 22:14:04.087,Green University of Bangladesh,ashabuddin47@gmail.com,GUB Autistic,rukonuzzamantopu@gmail.com,Rukonuzzaman Topu,01330885039,rukonuzzamantopu@gmail.com,https://codeforces.com/profile/rukonuzzamantopu,L,Modabbir Mohammad Mansur,01631319163,modabbir553@gmail.com,https://codeforces.com/profile/modabbir553,M,Ashab Uddin,01812444115,ashabuddin47@gmail.com,https://codeforces.com/profile/ashabuddin47,L,Dr. Muhammad Aminur Rahaman,01716539541,aminur@cse.green.edu.bd,XL
2025-02-05 22:28:04.789,Green University of Bangladesh,taslimahmed00033@gmail.com,GreenU_think_Again,taslimahmed00033@gmail.com,Taslim Ahmed Tamim,01954896065,taslimahmed00033@gmail.com,taslim_ahmed_tamim,L,Shiplu Saha,01813518867,shiplusaha995@gmail.com,sip101,XXL,Sabbir Hossain Osmani,01631183761,sabbirosmani04@gmail.com,Return_Owl,XL,Md. Fahimul Islam Fahim,+8801893639181,fahimul@cse.green.edu.bd,L
2025-02-05 22:01:36.968,Green University of Bangladesh,muazibnkamal8@gmail.com,GreenU_Tanzanite,muazibnkamal8@gmail.com,Muaz Ibn Kamal,01531361741,muazibnkamal8@gmail.com,muazibnkamal,XXL,Salman Kabir Sany,01988936667,salmankabirsany@gmail.com,Salman_Sany,L,Mashuk Rahman ,01942517753,mashukrahman000@gmail.com,mashuk07,XL,Md. Fahimul Islam Fahim,+8801893639181,fahimul@cse.green.edu.bd,L
2025-02-05 21:56:11.271,Green University of Bangladesh,alimranemon93@gmail.com,GreenU_Hotasha,alimranemon93@gmail.com,Al Imran Emon,01776824668,alimranemon93@gmail.com,imranonweb,XL,Bakul Ahmed,01786685665,bokula88@gmail.com,BokulBd,M,Jawad Hossain Mahi,01820245632,jawadhossainmahi@gmail.com,jawadhossainmahi,XXL,MD Fahimul Islam Fahim,+880 1893-639181,fahimul@cse.green.edu.bd,L
