Timestamp,Institution Name,Email Address,Team Name,E-mail Address,Team Member 1: Full Name ,Team Member 1: Contact No.,Team Member 1: E-mail Address,Team Member 1: Codeforces Handle,Team Member 1: T-Shirt Size,Team Member 2: Full Name,Team Member 2: Contact No.,Team Member 2: E-mail Address,Team Member 2: Codeforces Handle,Team Member 2: T-Shirt Size,Team Member 3: Full Name,Team Member 3: Contact No.,Team Member 3: E-mail Address,Team Member 3: Codeforces Handle,Team Member 3: T-Shirt Size,Coach's Name ,Coach's Contact No.,Coach's E-mail Address,Coach's T-Shirt Size
2025-01-28 00:14:01.124,Jagannath University,mramuhit@gmail.com,TrioOfUttoranchal_JnU,mramuhit@gmail.com,Rashedunnabi Rashed,01706708694,mramuhit@gmail.com,Rashedunnabi,XXL,Farhan Ishtiyak Sezar,01799703996,ishtiyak997@gmail.com,IshtiyakSezar,L,Nahid Hasan,01999515023,nahid515023@gmail.com,NAHID_36,L,Dr. MD Zulfiker Mahmud,1721191718,zulfiker@cse.jnu.ac.bd,L
2025-02-01 22:35:08.432,Jagannath University,tasniarysa@gmail.com,PupilsOnTheirWay,tasniarysa@gmail.com,Tahmida Aziza,01609639095,tahmidaaziza@gmail.com,tahmida_aziza,L,Tahmina Tipti,01825056129,tahminatipti@gmail.com,tahminatipti,XL,Tasnia Rysa,01935128018,tasniarysa@gmail.com,TasniaRysa,XXL,DR. MD. ZULFIKER MAHMUD,01721191718,zulfiker@cse.jnu.ac.bd,L
2025-02-01 22:44:03.135,Jagannath University,yusuf.sifat2014@gmail.com,JnU_Shomonnoyok,yusuf.sifat2014@gmail.com,Md. Yusuf Hasan Sifat,01521765895,yusuf.sifat2014@gmail.com,YHSifat,M,Nibir Joydhar,01571425312,nibirjoydhar@gmail.com,nibirjoydhar,M,Md. Al Imran,01799260355,mdalimran2228@gmail.com ,_Imran_,XL,DR. MD. ZULFIKER MAHMUD,01721191718,zulfiker@cse.jnu.ac.bd,L
2025-02-02 18:38:16.439,Jagannath University,bayazid.sarkar17@gmail.com,TBA,bayazid.sarkar17@gmail.com,Arka Biswas,1771899095,akkibiswas064@gmail.com,thenoobone,M,Tertho Ghosh,01610466644,terthoghosh1@gmail.com,terthojnu16,XL,Md. Bayazid Sarkar Bijoy,01567934536,bayazid.sarkar17@gmail.com,bayazid.sarkar,L,Md. Zulfiker Mahmud,1721191718,zulfiker@cse.jnu.ac.bd,L
2025-02-02 14:43:13.706,Jagannath University,mdkhaledurrahman535@gmail.com,Darth Vader,mdkhaledurrahman535@gmail.com,Md Khaledur Rahman Zihad ,01571739203,mdkhaledurrahman535@gmail.com,TLESlayer,XXL,Md Arman Hossain,01710524841,armanhossainn2456@gmail.com ,MONA7124,L,S.M Sajib Al Hasan ,01776464227,idontknowsajib009@gmail.com,idontknow009,L,"DR. MD. ZULFIKER MAHMUD, Professor CSE,JnU",1721191718, zulfiker@cse.jnu.ac.bd ,L
2025-02-03 10:24:12.401,Jagannath University,arifur6174@gmail.com,WALL-E 2099,arifur6174@gmail.com,MD. ARIFUR RAHMAN,01873250626,arifur6174@gmail.com,arif0626,L,SHAFAYET JAMIL,01868248446,shafayetjamil000@gmail.com,jamil_cse_jnu,L,MUFAZZER HOSSAIN ANAS,01303310722,Mufazzerhossain2002@gmail.com,Mufazzer_Hossain_Anas,XL,DR. MD. ZULFIKER MAHMUD,01721191718,zulfiker@cse.jnu.ac.bd,L
2025-02-02 21:29:09.968,Jagannath University,contact.ahsanul@gmail.com,Team13,contact.ahsanul@gmail.com,MD AHSANUL HOQUE ABIR ,01875507852,contact.ahsanul@gmail.com,ahsanulhoqueabir ,L,Mohammad Fatin Nur,01627177815,mohammadfatinnur2003@gmail.com,Fatin,L,Lamiya Rahman Khan,01994063900,akabane755@gmail.com,L._.,XL,DR. MD. Zulfiker Mahmud,01721191718,zulfiker@cse.jnu.ac.bd,XL
