Timestamp,Institution Name,Email Address,Team Name,E-mail Address,Team Member 1: Full Name ,Team Member 1: Contact No.,Team Member 1: E-mail Address,Team Member 1: Codeforces Handle,Team Member 1: T-Shirt Size,Team Member 2: Full Name,Team Member 2: Contact No.,Team Member 2: E-mail Address,Team Member 2: Codeforces Handle,Team Member 2: T-Shirt Size,Team Member 3: Full Name,Team Member 3: Contact No.,Team Member 3: E-mail Address,Team Member 3: Codeforces Handle,Team Member 3: T-Shirt Size,Coach's Name ,Coach's Contact No.,Coach's E-mail Address,Coach's T-Shirt Size
2025-02-05 19:15:07.095,Jahangirnagar University,mahmudulhassan4335@gmail.com,JU_the0dd1out,mahmudulhassan4335@gmail.com,Md. Mahfujur Rahman Khan,01708581435,jucse28.373@gmail.com,Ertugrul28,L,Samiun Islam,01799877313,niloysamiun91@gmail.com,S_neal,XL,Mahmodol Hassan Monna,01742908194,mahmudulhassan4335@gmail.com,monna4335,L,Mohammad Ashraful Islam,01710548645,ashraful.islam@juniv.edu,XL
2025-02-05 19:20:18.699,Jahangirnagar University,nazmulnahiansagor123@gmail.com,JU_BinaryMosFet,nazmulnahiansagor123@gmail.com,Nazmul Nahian Sagor,01864807502,nazmulnahiansagor123@gmail.com,nazmulnns2066,XL,Umit Saha,01789058021,umitsahaayon@gmail.com,umitsaha,L,Taufiq Islam,01909827757,taufiqislam15@gmail.com,cryomancer148,XL,Md. Rafsan Jani,01712596024,rafsan@juniv.edu,XL
2025-02-05 20:07:17.688,Jahangirnagar University,afiajahinrupali@gmail.com,JU_Minions,afiajahinrupali@gmail.com,Afia Jahin Rupali,01308811838,afiajahinrupali@gmail.com,Rupali_Ilish,XL,Abdullah Al Fahim,01870333657,abdullahalfaheem9@gmail.com,Hard_Nut,XL,Tanvir Alam Shihab ,01318166962,shihabvs002@gmail.com,Shihab-3point14,M,Md Masum Bhuiyan,01787284444,mailmadcoder@gmail.com,L
2025-02-05 20:24:21.890,Jahangirnagar University,abdulkaium1024@gmail.com,JU_SubOptimal,abdulkaium1024@gmail.com,Saad Ahmed,01868562649,saadahmed10031@gmail.com,The_challenger,M,Md. Ashabul Yamin,01714788664,yamin200185@gmail.com,Yamin_,M,Abdul Kaium,01876039611,abdulkaium1024@gmail.com,impawstarlight,M,Dr. Abu Sayed Md. Mostafizur Rahaman,01927129603,asmmr@juniv.edu,XL
2025-02-05 20:35:15.146,Jahangirnagar University,cpp.sayem@gmail.com,JU_Kaizen,cpp.sayem@gmail.com,Emon Hossain Pallas,01629076188,e.h.pallas2002@gmail.com,E_H_P,S,Asif Majumder Shamim,01616057084,asifshamim3097@gmail.com,Shamim97,L,Abu Sayem Rony,01604421423,cpp.sayem@gmail.com,SAYEM_19,M,Dr. Md. Golam Moazzam,01922-230643,khokan@juniv.edu,L
