Timestamp,Institution Name,Email Address,Team Name,E-mail Address,Team Member 1: Full Name ,Team Member 1: Contact No.,Team Member 1: E-mail Address,Team Member 1: Codeforces Handle,Team Member 1: T-Shirt Size,Team Member 2: Full Name,Team Member 2: Contact No.,Team Member 2: E-mail Address,Team Member 2: Codeforces Handle,Team Member 2: T-Shirt Size,Team Member 3: Full Name,Team Member 3: Contact No.,Team Member 3: E-mail Address,Team Member 3: Codeforces Handle,Team Member 3: T-Shirt Size,Coach's Name ,Coach's Contact No.,Coach's E-mail Address,Coach's T-Shirt Size
2025-02-03 22:43:25.837,Khulna University,i.a.shahriarseam@gmail.com,KU_First_Team,230201@ku.ac.bd,Sourav Shome,01992154304,shomesourav32@gmail.com,_SSH_,XXL,Ibnul Abrar Shahriar Seam,01930555998,i.a.shahriarseam@gmail.com,Anonymous_HF,XXL,Md. Siam Ahmed,01902712498,mdsiamahmed35862@gmail.com,siam-35862,XXL,Dr. Manishankar Mondal,01700951594,mshankar@cse.ku.ac.bd,XL
2025-02-04 19:16:58.555,Khulna University,azmainturja@gmail.com,KU_Identity_Crisis,230218@ku.ac.bd,Nahid Hasan,01311348672,nahidhasan201103@gmail.com,Nahid_Hasan_29,L,Azmain Inquaid Haque,01320356909,azmaininquaidhaque@gmail.com,luffy_18,XXL,Pritom Chandra Das,01707171822,pritomdas944@gmail.com,The-Madara-uchiha,M,Dr. Manishankar Mondal,01700951594,mshankar@cseku.ac.bd,XL
2025-02-04 23:07:40.956,Khulna University,230207@ku.ac.bd,KU_3Explorers,230207@ku.ac.bd,MD.Masrafi Murtoja,01931631755,masrafisnigdha22@gmail.com,masrafi221,M,Sajal Mondal,01845997438,sajalmondal42498@gmail.com,Sajal_05,L,Sabbir Khan,01309807829,mdsabbirkhan127401@gmail.com, sabbirr,XL,Dr. Manishankar Mondal,01700951594,mshankar@cseku.ac.bd,XL
2025-02-01 23:35:49.832,Khulna University,snigdhaferdousi0353@gmail.com,KU_Girls,snigdhaferdousi0353@gmail.com,Snigdha Ferdousi ,01883496546,snigdhaferdousi0353@gmail.com,Ferdousi_53,M,Hera Sharma,01797100698,herasharma03@gmail.com,Hera_sharma,XL,Jakia Khatun ,01814-765940,jakiaurmi0@gmail.com,Jakiaku07 ,XL,Dr.Manishankar Mondal,01700951594,mshankar@cseku.ac.bd,XL
