Timestamp,Institution Name,Email Address,Team Name,E-mail Address,Team Member 1: Full Name ,Team Member 1: Contact No.,Team Member 1: E-mail Address,Team Member 1: Codeforces Handle,Team Member 1: T-Shirt Size,Team Member 2: Full Name,Team Member 2: Contact No.,Team Member 2: E-mail Address,Team Member 2: Codeforces Handle,Team Member 2: T-Shirt Size,Team Member 3: Full Name,Team Member 3: Contact No.,Team Member 3: E-mail Address,Team Member 3: Codeforces Handle,Team Member 3: T-Shirt Size,Coach's Name ,Coach's Contact No.,Coach's E-mail Address,Coach's T-Shirt Size
2025-02-01 22:46:30.832,Military Institute of Science and Technology,ragibhossain100@gmail.com,MIST_Cryptics,ragibhossain100@gmail.com,Md. Ragib Hossain Rifat,01522102027,ragibhossain100@gmail.com,Ragib100,XL,Abdulla Al Shahariar,01908533266,abdullaalshahariar@gmail.com ,Machinist99,M,Md. Ariful Islam,01937926665,arifulm926@gmail.com,Ariful101,L,Md Rashid Ul Islam,01969844062,rashid@cse.mist.ac.bd,XXL
2025-02-02 19:45:37.149,Military Institute of Science and Technology,yusufrezahasnat0006@gmail.com,MIST_273.16_Kelvin,yusufrezahasnat0006@gmail.com,Mohammad Sadiqul Alam,01909226148,sadiqul.fw@gmail.com,SADIQ_insD,XXL,Munjib Hasan Chowdhury,01319411088,munjibhasan@gmail.com,mnzb2000,L,Yusuf Reza Hasnat,01790879452,yusufrezahasnat0006@gmail.com,Hasnat0006,XL,Anika Ashraf,01757403666,anikaashraf29@gmail.com,M
2025-02-02 20:16:28.202,Military Institute of Science and Technology,ahmadabdullahcse@gmail.com,MIST_CGONaiCPONai,ahmadabdullahcse@gmail.com,Ahmad Abdullah,01776553272,ahmadabdullahcse@gmail.com,Ahmad_Abdullah,XXL,Md. Tanvin Sarkar Pallab,01790009585,tanvin.pallab2442002@gmail.com,Pallab827,L,Mohammad Arafat Hasan Sarker,01540194651,arafathasan1711493048@gmail.com,arafat03,XL,Md Rashid Ul Islam,01969844062,rashid@cse.mist.ac.bd,XXL
2025-02-02 20:30:55.596,Military Institute of Science and Technology,zarif.zeisan.mustafa@gmail.com,MIST_FrostByte_2.0,zarif.zeisan.mustafa@gmail.com,Zarif Zeisan Mustafa,01521200357,zarif.zeisan.mustafa@gmail.com,Zarif_Mustafa,L,Maria Sultana,01757672780,mariarifa2018@gmail.com,Maria_Sultana,L,Syeda Raisa Rahman,01769667008,raisarahman1904@gmail.com,Syeda_Raisa_Rahman,L,Md Rashid Ul Islam,01969844062,rashid@cse.mist.ac.bd,XXL
2025-02-02 22:53:07.168,Military Institute of Science and Technology,rafsanhassan230@gmail.com,MIST_AlgorithmRejects,rafsanhassan230@gmail.com,Md Rafsan Hasan Ratul,01403709262,rafsanhassan230@gmail.com,Rafsan18,L,Abdullah Omar Nasif ,01724691273,abdullahomarn57@gmail.com,Nasif273,XXL,Md Saif Ahmed,01701667488,saifahmedsakib@gmail.com,Saif_Ahmed008,L,Anika Ashraf,01757403666,anikaashraf29@gmail.com,M
2025-02-01 00:12:05.368,Military Institute of Science and Technology,raisulll.rahad@gmail.com,MIST_InfiniteCourage,raisulll.rahad@gmail.com,Md Raisul Islam Rahad ,01778665529,raisulll.rahad@gmail.com,raisul_rahad,XL,Mohammad Sabbir Musfique,01884952804,sabbir.musfique01@gmail.com,sabbir_063,XL,Shihab Ahmed,01727476904,shihabahmedfahim150@gmail.com,buchu,XL,Anika Ashraf,01757403666,anikaashraf29@gmail.com,M
2025-02-01 10:48:19.356,Military Institute of Science and Technology,ntasnim358@gmail.com,MIST_EaglesEye,ntasnim358@gmail.com,Istiaque Ahmed,01875448172,istiaqueahmedarik@gmail.com,Istiaque_ahmed,XXL,Syed Mafijul Islam,01660039763,syedtamal@gmail.com,tamal_63,XL,Nishat Tasnim Meem,01552496223,ntasnim358@gmail.com,meem_358,M,Md Rashid Ul Islam,01969844062,rashid@cse.mist.ac.bd,XXL
2025-02-02 23:36:46.122,Military Institute of Science and Technology,nabihaparvez11@gmail.com,MIST_LogicLegion,nabihaparvez11@gmail.com,Nabiha Parvez ,1711386594,nabihaparvez11@gmail.com,nabihaparvez11,L,Arif Abdullah ,01721171112,arif465109@gmail.com,arif_king ,XL,Labiba Ibnat Matin ,01897716834,ibnatmatin30@gmail.com,Matin005,M,Anika Ashraf,01757403666,anikaashraf29@gmail.com,M
