Timestamp,Institution Name,Email Address,Team Name,E-mail Address,Team Member 1: Full Name ,Team Member 1: Contact No.,Team Member 1: E-mail Address,Team Member 1: Codeforces Handle,Team Member 1: T-Shirt Size,Team Member 2: Full Name,Team Member 2: Contact No.,Team Member 2: E-mail Address,Team Member 2: Codeforces Handle,Team Member 2: T-Shirt Size,Team Member 3: Full Name,Team Member 3: Contact No.,Team Member 3: E-mail Address,Team Member 3: Codeforces Handle,Team Member 3: T-Shirt Size,Coach's Name ,Coach's Contact No.,Coach's E-mail Address,Coach's T-Shirt Size
2025-01-28 20:42:58.820,Patuakhali Science and Technology University,almuzahid16@gmail.com,PSTU_ConfusingStatement,almuzahid16@gmail.com,Muhammad AL-Muzhaid,01571419998,almuzahid16@gmail.com,brainsoft,XL,Mehedi Hasan Rabbi,01521236716,mehedi.saiyan@gmail.com,Ultr4_Instinct,XXL,Mahedi Hasan Nazmul,01790876259,ug2102013@cse.pstu.ac.bd,MH_Nazmul,XL, Dr. Md. Samsuzzaman,+8801712653210,sobuz@pstu.ac.bd,L
2025-02-04 16:17:28.670,Patuakhali Science and Technology University,rahul255gh68@gmail.com, PSTU_Greedy gremlins,rahul255gh68@gmail.com,Rahul Ghosh,01834387290,rahul255gh68@gmail.com,rahul_ghosh,L,Jubayer Ahmed,01785720927,Jubayer17@cse.pstu.ac.bd,GalvaaaTroN,XXL,Jyotirmoy avro,01735342669,jyotirmoy.gmail.com,ItsTHEAvro,XL,Md.Mahbubur Rahman,01556449873,mahbub.cse.buet@gmail.com,XXL
2025-02-04 20:30:07.252,Patuakhali Science and Technology University,tazim0877@gmail.com,PSTU_VWXYZ,tazim0877@gmail.com,Md. Tazim Uddin,01723491853,tazim0877@gmail.com,Aipha_q,L,Subrata Biswas,01707493848,subrata17@cse.pstu.ac.bd,TheAnt,L,Rajesh Biswas,01400234847,rajesh18@cse.pstu.ac.bd,rajesh-1920,XL,Dr. Md. Samsuzzaman,01712653210,sobuz@pstu.ac.bd,L
2025-02-04 22:31:31.959,Patuakhali Science and Technology University,hasibur.sci018@gmail.com,Temp ,hasib17@cse.pstu.ac.bd,Rakibul Islam Rehan,01580356337,rehan17@cse.pstu.ac.bd,Modulo.TwentyEight,XL,Md Mahmudul Hasan,01703436767,munmahmud99@gmail.com,night.watchman,L,Md Hasibur Rahman,01571136779,hasib17@cse.pstu.ac.bd,VoidRunner,L,Md Mahbubur Rahman,+8801556449873,mahbub.cse@pstu.ac.bd,XXL
2025-02-04 22:26:01.290,Patuakhali Science and Technology University,riadulislammahi75@gmail.com,PSTU_Code_Breakers,riadulislammahi75@gmail.com ,Md. Riadul Islam Mahi,01960556077,riadulislammahi75@gmail.com,https://codeforces.com/profile/riadulislammahi75,M,Shaid Ibna Sobhan,01825809073,shaidmeheraj9@gmail.com,https://codeforces.com/profile/Meheraj57,XXL,Md. Abdul Hai Fahim,01849660399,mahfahim51@gmail.com,https://codeforces.com/profile/mahfahim51,M,Dr. Md. Samsuzzaman,01712653210,sobuz@pstu.ac.bd,XL
2025-02-05 23:24:47.058,Patuakhali Science and Technology University,tanvir12islam34@gmail.com,PSTU_LeafNode,tanvir12islam34@gmail.com,Md. Tanvir Islam,+8801723410727,ug2102043@cse.pstu.ac.bd,https://codeforces.com/profile/tanvir_islam,XL,Md. Safiullah Forajy,+8801312036374,ug2102051@cse.pstu.ac.bd,https://codeforces.com/profile/safiullahforagy,L,Maynul Islam,+8801853677643,maynul18@cse.pstu.ac.bd,https://codeforces.com/profile/maynul4363,L,Md. Mahbubur Rahman ,+880 1556-449873,mahbub.cse@pstu.ac.bd,XXL
2025-02-04 22:02:41.477,Patuakhali Science and Technology University,masudranaop2004@gmail.com,PixelStormTacticalUnit,masudranaop2004@gmail.com,Md. Masud Rana ,01918902193,masudranaop2004@gmail.com,MorseRiddle,XL,Nayim Hasan,8801822323346,nayim112211@gmail.com,Nayim_Hasan,L,Nahehan Islam Nabin,+880 1307-554502,ug2202061@cse.pstu.ac.bd,N.Nabin,XL,Dr. Md. Samsuzzaman,+880 1712-653210,sobuz@pstu.ac.bd,XL
2025-02-04 22:04:51.209,Patuakhali Science and Technology University,ug2202061@cse.pstu.ac.bd,PixelStormTacticalUnit,ug2202061@cse.pstu.ac.bd,MD.Nabin,01307554502,ug2202061@cse.pstu.ac.bd,N.Nabin,XL,Md.Masud Rana,01918902193,masudranaop2004@gmail.com,MorseRiddle,XL,Nayim Hasan ,01822323346,nayim112211@gmail.com,Nayim_Hasan,XL,Dr Md Samsuzzaman ,0 1712-653210,sobuz@pstu.ac.bd,XL
