Timestamp,Institution Name,Email Address,Team Name,E-mail Address,Team Member 1: Full Name ,Team Member 1: Contact No.,Team Member 1: E-mail Address,Team Member 1: Codeforces Handle,Team Member 1: T-Shirt Size,Team Member 2: Full Name,Team Member 2: Contact No.,Team Member 2: E-mail Address,Team Member 2: Codeforces Handle,Team Member 2: T-Shirt Size,Team Member 3: Full Name,Team Member 3: Contact No.,Team Member 3: E-mail Address,Team Member 3: Codeforces Handle,Team Member 3: T-Shirt Size,Coach's Name ,Coach's Contact No.,Coach's E-mail Address,Coach's T-Shirt Size
2025-02-04 21:23:35.282,Prime University,iam.rashedhossain@gmail.com,PrimeU_RESTART,hod.cse@primeuniversity.edu.bd,Md. Rashed Hossain,+8801867662737,iam.rashedhossain@gmail.com,StuckOnNewbie,XL,Md. Hameem Reza,+8801914961495,kbhamim@gmail.com,_H_R_,L,Md. Tamim khan,+8801630563352,mdtamimkhan842@gmail.com,Tamim_khan_PU,L,Md. Sadi Rifat,+8801518917247,sadirifatju212@gmail.com,XL
2025-02-04 22:23:17.048,Prime University,nirob167027@gmail.com,PrimeU_HackShield,saiful.nirob271@gmail.com,Saiful Islam Nirob,01737062342,saiful.nirob271@gmail.com,saiful.nirob,XL,Md Zakir Hossain ,01521719516,mdzakirh562@gmail.com,asm_zakir,M,Shakib Hossen,01518926639,shakibhssn515@gmail.com,shakib-hossen0007,M,Sadi Rifat,01518917247,sadirifatju212@gmail.com,L
2025-02-04 23:20:44.847,Prime University,a.b.shihab2018@gmail.com,PrimeU_Falcon,a.b.shihab2018@gmail.com,Abu Bakar Shihab,+8801303934039,a.b.shihab2018@gmail.com,a.b.shihab,XL,Omor faruq,+8801311799968,omorofficial310@gmail.com,Omorisdead,XL,Mahmudul Hasan ,+8801571239117,mh090008@gmail.com, Mahmuud007,M,Md. Sadi Rifat,+8801518917247,sadirifatju212@gmail.com,XL
2025-02-05 20:44:48.871,Prime University,rmtomal11@gmail.com,Unity_Prime_University,rmtomal11@gmail.com,Md Rumayun Masru Tamal,01738619197,rmtomal11@gmail.com,rmtomal,M,Md.Mahabubar Rahman,01819556633,mahabubarmaha@gmail.com,Maha6468,M,Mariya Rahman,01614753712,mariyarahman411@gmail.com,mariya_20,M,Md. Sadi Rifat,+8801518917247,sadirifatju212@gmail.com,XL
