Timestamp,Institution Name,Email Address,Team Name,E-mail Address,Team Member 1: Full Name ,Team Member 1: Contact No.,Team Member 1: E-mail Address,Team Member 1: Codeforces Handle,Team Member 1: T-Shirt Size,Team Member 2: Full Name,Team Member 2: Contact No.,Team Member 2: E-mail Address,Team Member 2: Codeforces Handle,Team Member 2: T-Shirt Size,Team Member 3: Full Name,Team Member 3: Contact No.,Team Member 3: E-mail Address,Team Member 3: Codeforces Handle,Team Member 3: T-Shirt Size,Coach's Name ,Coach's Contact No.,Coach's E-mail Address,Coach's T-Shirt Size
2025-02-04 02:50:40.711,Rajshahi University of Engineering & Technology,kayumgazi21@gmail.com,Ruet_Codebreakers,kayumgazi21@gmail.com,Md. Kayum Gazi,01723015643,kayumgazi21@gmail.com,Kayum_gazi01,XL,Ayan Sarkar,01791180864,ayansarkar1829@gmail.com,Selfish29,L,Md. Shameem Sadat,01704372904,shameemsadat00@gmail.com,sadat,XL,Md. Farhan Shakib,01752794347,farhan.shakib@cse.ruet.ac.bd,XL
2025-02-04 09:16:25.898,Rajshahi University of Engineering & Technology,aalmasood22@gmail.com,DADS_OJ,aalmasood22@gmail.com,Abdullah Al Masood,01775588435,aalmasood22@gmail.com,masood_,L,Adnan Toky,01706135132,adnanzawad00@gmail.com,adnan_toky,XL,Nafis Ahmed,01902311989,nafisahmed947@gmail.com,Nafis_Ahmed_174,XXL,Md. Mazharul Islam,01777095754,mazharul.islam@cse.ruet.ac.bd,L
2025-02-04 16:14:22.417,Rajshahi University of Engineering & Technology,tabassumoyshee@gmail.com,BAPS_University_Chai,tabassumoyshee@gmail.com,Sumaiya Tabassum,01975466200,tabassumoyshee@gmail.com,Aurora__,L,Mostafa Labib,01612229506,labibmostafa1971@gmail.com,Labib_,XL,Md. Shefat Hossen Shoikat,01994588610,shefat.hossen.045@gmail.com ,sh_sho1kat,L,Md. Sozib Hossain,01771905794,sozibruet99@gmail.com,L
2025-02-04 20:12:07.053,Rajshahi University of Engineering & Technology,montashirfahim25@gmail.com,BabasOj,montashirfahim25@gmail.com,A. S. M. Montashir Fahim,01705287639,montashirfahim25@gmail.com,muntasir__,L,Tonmoy Saha,01710450267,tonmoy3530saha@gmail.com,tonmoy6052,M,Juhyer Al Tausif,01910353340,tausifwarior@gmail.com,JA_Tausif ,M,Md. Nasif Osman Khansur,01763761979,nasifosman0210@gmail.com,XXL
2025-02-04 15:42:27.133,Rajshahi University of Engineering & Technology,shiblisadik465@gmail.com,RUET_bidayBAPS,shiblisadik465@gmail.com,MD. SHIBLI SADIK,01921459913,shiblisadik465@gmail.com,EaslyubitsS ,L,Dewan Zesanul Islam,01644544335,zesanulislam0411@gmail.com ,Zesanul_Islam,L,Abir Hasan ,01307258202,abir64335@gmail.com ,Abir_Hasan,XL,Barshon Sen,01785311146,barshon.sen@cse.ruet.ac.bd,L
2025-02-03 21:02:25.977,Rajshahi University of Engineering & Technology,wasimur211@gmail.com,bapsoj,wasimur211@gmail.com,Sayeef Mahmud,+8801521102917,smahmud2866@gmail.com,notSayeef,L,Regdwan Hossain Utshab,+8801743039715,utshab1732000@gmail.com,utshab1618,XL,Md. Wasimur Rahman,+8801533692833,wasimur211@gmail.com,Wasimur,M,Barshon Sen,+8801785311146,barshon.sen@cse.ruet.ac.bd,L
2025-02-04 20:14:51.254,Rajshahi University of Engineering & Technology,fahadshaon09@gmail.com,BapreBAPS,shuvomalakar777@gmail.com,Shuvo Malakar,01640343993,shuvomalakar777@gmail.com,Short_Bit,L,Ashrafuzzaman Arnob,01799674127,ashraf674127@gmail.com,nightwing_808,L,Sheikh Fahad Shaon,01913138958,fahadshaon09@gmail.com,SheikhFahadShaon,M,Prof. Dr. Md. Ali Hossain,01959600498,ali.hossain@cse.ruet.ac.bd,XL
