Timestamp,Institution Name,Email Address,Team Name,E-mail Address,Team Member 1: Full Name ,Team Member 1: Contact No.,Team Member 1: E-mail Address,Team Member 1: Codeforces Handle,Team Member 1: T-Shirt Size,Team Member 2: Full Name,Team Member 2: Contact No.,Team Member 2: E-mail Address,Team Member 2: Codeforces Handle,Team Member 2: T-Shirt Size,Team Member 3: Full Name,Team Member 3: Contact No.,Team Member 3: E-mail Address,Team Member 3: Codeforces Handle,Team Member 3: T-Shirt Size,Coach's Name ,Coach's Contact No.,Coach's E-mail Address,Coach's T-Shirt Size
2025-01-28 00:01:51.981,Shanto-Mariam University of Creative Technology,tauhidmusarieon01@gmail.com,SMUCT_Greedy_Coders,tauhidmusarieon01@gmail.com,Tauhid Musa Rieon,01318447413,tauhidmusarieon01@gmail.com,codeforces.com/profile/tauhid_musa_rieon,XL,Emtiaz Ahmed,01320746254,emtiazahmed1013@gmail.com,codeforces.com/profile/emtiaz_13,XL,Golam Rakib ,01309258531,mgrakib96@gmail.com ,codeforces.com/profile/MG.Rakib,XL,Md. Maruf Hossain,01868089868,maruficepustian@gmail.com,XL
2025-01-28 17:13:47.715,Shanto-Mariam University of Creative Technology,tariqulhuda6@gmail.com,SMUCT_BitClowns,allmahin.study@gmail.com,Sakhawat Hossain Mahin,01607335081,allmahin.study@gmail.com,TorteyPoka,XXL,Abdul Kader Anik,01880807633,abdul.kader.anik.cse.071@gmail.com,Anik_071,L,MD Tariqul Huda,01931847414,tariqulhuda6@gmail.com,tariq002,XXL,Md All moon Tasir,01611467698,allmoontasir256@gmail.com,XXL
