Timestamp,Institution Name,Email Address,Team Name,E-mail Address,Team Member 1: Full Name ,Team Member 1: Contact No.,Team Member 1: E-mail Address,Team Member 1: Codeforces Handle,Team Member 1: T-Shirt Size,Team Member 2: Full Name,Team Member 2: Contact No.,Team Member 2: E-mail Address,Team Member 2: Codeforces Handle,Team Member 2: T-Shirt Size,Team Member 3: Full Name,Team Member 3: Contact No.,Team Member 3: E-mail Address,Team Member 3: Codeforces Handle,Team Member 3: T-Shirt Size,Coach's Name ,Coach's Contact No.,Coach's E-mail Address,Coach's T-Shirt Size
2025-01-31 21:56:19.003,Varendra University,iamgolamrabbanii@gmail.com,VU_Str,office.cse@vu.edu.bd,Golam Rabbani,01729624751,const.rabbani@gmail.com,https://codeforces.com/profile/iamgolamrabbanii,L,Al Souhardo Authoi,01970937331,alsouhardo@gmail.com,https://codeforces.com/profile/_authoi,XL,Tanzim Farhat,01301395951,tanzimfarhat86@gmail.com,https://codeforces.com/profile/tanzim86,XXL,Tanver Ahmed,01781949541,tanver@vu.edu.bd,XXL
2025-02-03 15:21:51.193,Varendra University,istiakhasan239@gmail.com,VU_Triple_I_Coders,istiakhasan239@gmail.com,Md. Imtiaz Ahmed Akash,01758437659,imtiazahmedakash1927@gmail.com,https://codeforces.com/profile/Akash_222311010,L,Istiak Ahmed,01774770145,aistiak559@gmail.com,https://codeforces.com/profile/Istiak516,L,Istiak Hasan Neaz Mahmud,01796382125,istiakhasan239@gmail.com,https://codeforces.com/profile/neaz_1019,M,Tanver Likhon,01781949541,tanver@vu.edu.bd,XXL
2025-02-05 18:14:29.007,Varendra University,kausarbabu78@gmail.com,VU_DemoGorgons,info@vu.edu.bd,Md. Kausar Babu ,01723853678,kausarbabu78@gmail.com,Zoror,M,Ashraful Islam Ratul,+880 1782-510995,ratul49.ar@gmail.com,ratul49,M,MD. Mominul Islam,+880 1838-921038,mominul643@gmail.com,mominul643,L,Tanver Ahmed,01781-949541,tanverahmed.cse@gmail.com,XL
